Barcode;Code;Name;ALT_Barcode
024200038113;;Purex 2 Laundry Bleach, 29 Ounce ;
024200009816;;Purex 2 Laundry Colorsafe Bleach 66oz ;02498126
024200038496;;Purex Crystals In-Wash Fragrance and Scent Booster, Aromatherapy Tahitian Breeze, 15.5 Ounce ;
024200038526;;Purex Crystals In-Wash Fragrance and Scent Booster, Aromatherapy Well Being, 15.5 Ounce ;
024200038557;;Purex Crystals In-Wash Fragrance and Scent Booster, Cherry Blossom & Ginger, 15.5 Ounce ;
024200038588;;Purex Crystals In-Wash Fragrance and Scent Booster, Cherry Blossom & Ginger, 21 Ounce ;
024200038168;;Purex Crystals In-Wash Fragrance and Scent Booster, Fabulously Fresh, 15.5 Ounce ;
024200038137;;Purex Crystals In-Wash Fragrance and Scent Booster, Fabulously Fresh, 21 Ounce ;
024200038670;;Purex Crystals In-Wash Fragrance and Scent Booster, Fabulously Fresh, 39 Ounce ;
024200038229;;Purex Crystals In-Wash Fragrance and Scent Booster, Fresh Mountain Breeze, 15.5 Ounce ;
024200038199;;Purex Crystals In-Wash Fragrance and Scent Booster, Fresh Mountain Breeze, 21 Ounce ;
024200038250;;Purex Crystals In-Wash Fragrance and Scent Booster, Fresh Spring Waters, 15.5 Ounce ;
024200038281;;Purex Crystals In-Wash Fragrance and Scent Booster, Fresh Spring Waters, 21 Ounce ;
024200038618;;Purex Crystals In-Wash Fragrance and Scent Booster, Fresh Spring Waters, 39 Ounce ;
024200042141;;Purex Crystals In-Wash Fragrance and Scent Booster, Fresh Vibes, 15.5 Ounce ;
024200043056;;Purex Crystals In-Wash Fragrance and Scent Booster, Fresh Vibes, 21 Ounce ;
024200043087;;Purex Crystals In-Wash Fragrance and Scent Booster, Fresh Vibes, 39 Ounce ;
024200038311;;Purex Crystals In-Wash Fragrance and Scent Booster, Lavender Blossom, 15.5 Ounce ;
024200038342;;Purex Crystals In-Wash Fragrance and Scent Booster, Lavender Blossom, 21 Ounce ;
024200038649;;Purex Crystals In-Wash Fragrance and Scent Booster, Lavender Blossom, 39 Ounce ;
024200039325;;Purex Crystals In-Wash Fragrance and Scent Booster, Magnolia Dream, 15.5 Ounce ;
024200038403;;Purex Crystals In-Wash Fragrance and Scent Booster, Oh So Chic, 15.5 Ounce ;
024200091170;;Purex ExtendFresh Liquid Fabric Softener, Mountain Breeze, 100 Ounce, 118 Loads ;
024200104344;;Purex ExtendFresh Liquid Fabric Softener, Mountain Breeze, 44 Ounce, 52 Loads ;
024200089931;;Purex Fabric Softener Dryer Sheets, Mountain Breeze, 40 Ct ;
024200089870;;Purex Fabric Softener Dryer Sheets, Sweet Lavender, 40 Ct ;
024200043032;;Purex Fels-Naptha Laundry Bar ;
024200096502;;Purex Powder Laundry Detergent with Bleach Alternative, Fresh Mountain Breeze, 22 Ounces ;
024200096441;;Purex Powder Laundry Detergent with Bleach Alternative, Fresh Mountain Breeze, 50 Ounces ;
024200096472;;Purex Powder Laundry Detergent with Bleach Alternative, Fresh Mountain Breeze, 70 Ounces ;
024200096410;;Purex Powder Laundry Detergent with Bleach Alternative, Lavender Blossom, 50 Ounces ;
024200098087;;Purex Powder Laundry Detergent, Fabulously Fresh, 50 Ounces ;
024200098056;;Purex Powder Laundry Detergent, Fabulously Fresh, 70 Ounces ;
024200102456;;Purex Ultra Multipurpose Powder Detergent with Crystals Fragrance, 1.4oz Vend Pack ;
024200042646;;Purex® 4-in-1 + Clorox 2® Laundry Detergent Pacs, 15 ct ;
024200042707;;Purex® 4-in-1 + Clorox 2® Laundry Detergent Pacs, 22 ct ;
024200042769;;Purex® 4-in-1 + Clorox 2® Laundry Detergent Pacs, 45 ct ;
024200042677;;Purex® 4-in-1 + OXI Laundry Detergent Pacs, 15 ct ;
024200042738;;Purex® 4-in-1 + OXI Laundry Detergent Pacs, 22 ct ;
024200042790;;Purex® 4-in-1 + OXI Laundry Detergent Pacs, 45 ct ;
024200061197;;Purex® After the Rain® Liquid Laundry Detergent, 150 FL. OZ. ;
024200047894;;Purex® After the Rain® Liquid Laundry Detergent, 50 fl. Oz. ;
024200023508;;Purex® After the Rain® Liquid Laundry Detergent, 75 fl. Oz. ;
024200046767;;Purex® Coldwater Laundry Detergent, 312 FL. OZ. ;
024200049294;;Purex® for Baby 2x Concentrated Laundry Detergent, 82.5 FL. OZ. ;
024200003005;;Purex® for Baby Laundry Detergent, 50 FL. OZ. ;02430025
024200004620;;Purex® for Baby Laundry Detergent, 75 FL. OZ. ;02446220
024200050207;;Purex® Free & Clear Laundry Detergent, 150 FL. OZ ;
024200047887;;Purex® Free & Clear Laundry Detergent, 50 FL. OZ ;
024200060404;;Purex® Free & Clear Laundry Detergent, 75 FL. OZ ;
024200098179;;Purex® Fresh Bluebonnet Laundry Detergent, 150 FL. OZ. ;
024200060961;;Purex® Liquid Fabric Softener, Sweet Lavender, 100 FL. OZ. ;
024200060978;;Purex® Liquid Fabric Softener, Tropical Escape, 100 FL. OZ. ;
024200042400;;Purex® Mountain Breeze 4-in-1 Laundry Detergent Pacs, 19 ct ;
024200042554;;Purex® Mountain Breeze 4-in-1 Laundry Detergent Pacs, 58 ct ;
024200042493;;Purex® Mountain Breeze 4-in-1 Laundry DetergentPacs, 29 ct ;
024200042967;;Purex® Mountain Breeze® 2x Concentrated Laundry Detergent, 82.5 FL. OZ. ;
024200050160;;Purex® Mountain Breeze® Laundry Detergent, 150 FL. OZ. ;
024200041397;;Purex® Mountain Breeze® Laundry Detergent, 163.5 FL. OZ. ;
024200092627;;Purex® Mountain Breeze® Laundry Detergent, 165 FL. OZ. ;
024200042233;;Purex® Mountain Breeze® Laundry Detergent, 195 FL. OZ. ;
024200006365;;Purex® Mountain Breeze® Laundry Detergent, 210 FL. OZ. ;02463625
024200004323;;Purex® Mountain Breeze® Laundry Detergent, 300 FL. OZ. ;02443223
024200045029;;Purex® Mountain Breeze® Laundry Detergent, 312 FL. OZ. ;
024200009922;;Purex® Mountain Breeze® Laundry Detergent, 312.5 FL. OZ. ;02499222
024200047849;;Purex® Mountain Breeze® Laundry Detergent, 50 FL. OZ. ;
024200060947;;Purex® Mountain Breeze® Laundry Detergent, 75 FL. OZ. ;
024200044541;;Purex® Odor Release Laundry Detergent, 128 FL. OZ. ;
024200039141;;Purex® Odor Release Laundry Detergent, 150 FL. OZ. ;
024200041458;;Purex® Odor Release Laundry Detergent, 163.5 FL. OZ. ;
024200044480;;Purex® Odor Release Laundry Detergent, 43.5 FL. OZ. ;
024200039172;;Purex® Odor Release Laundry Detergent, 50 FL. OZ. ;
024200044510;;Purex® Odor Release Laundry Detergent, 65 FL. OZ. ;
024200039202;;Purex® Odor Release Laundry Detergent, 75 FL. OZ. ;
024200099190;;Purex® Original Laundry Detergent, 150 FL. OZ. ;
024200099220;;Purex® Original Laundry Detergent, 50 FL. OZ. ;
024200045081;;Purex® Plus Clorox2® Stain Fighting Enzymes Original Fresh 2x Concentrated Laundry Detergent, 75 FL. OZ. ;
024200097783;;Purex® Plus Clorox2® Stain Fighting Enzymes Original Fresh Laundry Detergent, 128 FL. OZ. ;
024200041366;;Purex® Plus Clorox2® Stain Fighting Enzymes Original Fresh Laundry Detergent, 140.8 FL. OZ. ;
024200097813;;Purex® Plus Clorox2® Stain Fighting Enzymes Original Fresh Laundry Detergent, 43.5 FL. OZ. ;
024200097844;;Purex® Plus Clorox2® Stain Fighting Enzymes Original Fresh Laundry Detergent, 65 FL. OZ. ;
024200097905;;Purex® Plus Clorox2® Stain Fighting Enzymes Sunny Linen Laundry Detergent ;
024200097875;;Purex® Plus Clorox2® Stain Fighting Enzymes Sunny Linen Laundry Detergent ;
024200000868;;Purex® plus OXI Fresh Morning Burst Laundry Detergent, 128 FL. OZ. ;02408628
024200092849;;Purex® plus OXI Fresh Morning Burst Laundry Detergent, 140.8 FL. OZ. ;
024200042202;;Purex® plus OXI Fresh Morning Burst Laundry Detergent, 169 FL. OZ. ;
024200999414;;Purex® plus OXI Fresh Morning Burst Laundry Detergent, 43.5 FL. OZ. ;
024200063559;;Purex® Ultra Powder Multipurpose Detergent ;
024200050191;;Purex® with Crystals™ Fresh Lavender Blossom™ Laundry Detergent, 150 FL. OZ. ;
024200092382;;Purex® with Crystals™ Fresh Lavender Blossom™ Laundry Detergent, 300 FL. OZ. ;
024200045593;;Purex® with Crystals™ Fresh Lavender Blossom™ Laundry Detergent, 312 FL. OZ. ;
024200047870;;Purex® with Crystals™ Fresh Lavender Blossom™ Laundry Detergent, 50 FL. OZ. ;
024200092061;;Purex® with Crystals™ Fresh Lavender Blossom™ Laundry Detergent, 75 FL. OZ. ;
024200092009;;Purex® with Crystals™ Fresh Spring Waters® Laundry Detergent, 150 FL. OZ. ;
024200060220;;Purex® with Crystals™ Fresh Spring Waters® Laundry Detergent, 50 FL. OZ. ;
024200089788;;Purex® with Crystals™ Fresh Spring Waters® Laundry Detergent, 75 FL. OZ. ;
024200096687;;Purex® with Crystals™ Freshness Tahitian Breeze™ Laundry Detergent, 150 FL. OZ. ;
024200042943;;Purex® Natural Elements® Linen & Lilies® 2x Concentrated Laundry Detergent, 82.5 FL. OZ. ;
024200011345;;Purex® Natural Elements® Linen & Lilies® Laundry Detergent, 150 FL. OZ ;
024200041533;;Purex® Natural Elements® Linen & Lilies® Laundry Detergent, 163.5 FL. OZ. ;
024200092689;;Purex® Natural Elements® Linen & Lilies® Laundry Detergent, 165 FL. OZ. ;
024200042172;;Purex® Natural Elements® Linen & Lilies® Laundry Detergent, 195 FL. OZ ;
024200006334;;Purex® Natural Elements® Linen & Lilies® Laundry Detergent, 210 FL. OZ. ;02463324
024200060572;;Purex® Natural Elements® Linen & Lilies® Laundry Detergent, 50 FL. OZ ;
024200011208;;Purex® Natural Elements® Linen & Lilies® Laundry Detergent, 75 FL. OZ ;
024200131012;;Purex® Sta-Flo® Liquid Starch 64oz ;
023400357246;;Renuzit Gel Air Freshener, After the Rain, 3 Pack, 21.0 Oz (7.0 Oz Each) ;
019800036638;;Renuzit Gel Air Freshener, After the Rain, 7.0 Oz ;
023400354696;;Renuzit Gel Air Freshener, Blissful Apple & Cinnamon, 3 Pack, 21.0 Oz (7.0 Oz Each) ;
019800036744;;Renuzit Gel Air Freshener, Blissful Apple & Cinnamon, 7.0 Oz ;
023400003389;;Renuzit Gel Air Freshener, Clean Citrus Pet, 3 Pack, 21.0 Oz (7.0 Oz Each) ;
023400350001;;Renuzit Gel Air Freshener, Clean Citrus Pet, 7.0 Oz ;
023400037315;;Renuzit Gel Air Freshener, Forever Raspberry, 3 Pack, 21.0 Oz (7.0 Oz Each) ;
019800036676;;Renuzit Gel Air Freshener, Forever Raspberry, 7.0 Oz ;
023400067770;;Renuzit Gel Air Freshener, Fresh Cut Peony, 7.0 Oz ;
023400058877;;Renuzit Gel Air Freshener, Hawaiian Oasis, 3 Pack, 21.0 Oz (7.0 Oz Each) ;
023400010677;;Renuzit Gel Air Freshener, Hawaiian Oasis, 7.0 Oz ;
023400017478;;Renuzit Gel Air Freshener, Hawaiian Sunset, 3 Pack, 21.0 Oz (7.0 Oz Each) ;
023400000630;;Renuzit Gel Air Freshener, Hawaiian Sunset, 7.0 Oz ;02346330
023400053254;;Renuzit Gel Air Freshener, Lovely Lavender, 3 Pack, 21.0 Oz (7.0 Oz Each) ;
023400350018;;Renuzit Gel Air Freshener, Lovely Lavender, 7.0 Oz ;
023400060528;;Renuzit Gel Air Freshener, Papaya Mango, 7.0 Oz ;
023400004874;;Renuzit Gel Air Freshener, Pure Breeze Pet, 3 Pack, 21.0 Oz (7.0 Oz Each) ;
023400000982;;Renuzit Gel Air Freshener, Pure Breeze Pet, 7.0 Oz ;02349832
023400062157;;Renuzit Gel Air Freshener, Spooky Pumpkin, 7.0 Oz ;
023400021079;;Renuzit Gel Air Freshener, Tahitian Breeze, 3 Pack, 21.0 Oz (7.0 Oz Each) ;
023400010707;;Renuzit Gel Air Freshener, Tahitian Breeze, 7.0 Oz ;
023400016204;;Renuzit Gel Air Freshener, Tranquil Falls, 7.0 Oz ;
023400998081;;Renuzit Gel Air Freshener, Wildflower Dream, 7.0 Oz ;
023400062560;;Renuzit Gel Air Freshener, Winter Wonderland, 7.0 Oz ;
023400058402;;Renuzit Natural Elements Gel Air Freshener, Pure Linen & Orange Blossom, 7.0 Oz ;
023400053513;;Renuzit Natural Elements Gel Air Freshener, Pure Ocean Breeze, 3 Pack, 21.0 Oz (7.0 Oz Each) ;
023400053575;;Renuzit Natural Elements Gel Air Freshener, Pure Ocean Breeze, 7.0 Oz ;
023400053605;;Renuzit Natural Elements Gel Air Freshener, Pure White Pear & Lavender, 7.0 Oz ;
023400062188;;Renuzit Scent Swirls Gel Air Freshener, Green Apple, Cherry & Sandalwood, 7.0 Oz ;
023400006557;;Renuzit Scent Swirls Gel Air Freshener, Peach, Freesia & Garden Mint, 7.0 Oz ;
023400062270;;Renuzit Scent Swirls Gel Air Freshener, Plumeria, Coconut & Pineapple, 7.0 Oz ;
019800036614;;Renuzit Scent Swirls Gel Air Freshener, Vanilla, Apricot Blossom & Almond, 7.0 Oz ;
023400065103;;Renuzit Snuggle Automatic Spray Refill, Linen Escape, 2 Pack, 12.34 Fl Oz. (6.17 Fl Oz Each) ;
023400065134;;Renuzit Snuggle Automatic Spray Refill, Linen Escape, 6.17 Fl Oz ;
023400065165;;Renuzit Snuggle Automatic Spray Refill, Relaxing Lavender, 6.17 Fl Oz ;
023400065196;;Renuzit Snuggle Automatic Spray Refill, SuperFresh Original, 6.17 Fl Oz ;
023400061563;;Renuzit Snuggle Fabric Refresher Spray, Pure Breeze Pet, 18.0 Fl Oz ;
023400065820;;Renuzit Snuggle Fabric Refresher Spray, SuperFresh Linen Escape, 18.0 Fl Oz ;
023400064809;;Renuzit Snuggle Fabric Refresher Spray, SuperFresh Original, 18.0 Fl Oz ;
023400066919;;Renuzit Snuggle Flower Diffuser, Enchanting Tropical, 2.19 Oz ;
023400066940;;Renuzit Snuggle Flower Diffuser, Linen Escape, 2.19 Oz ;
023400066889;;Renuzit Snuggle Flower Diffuser, Relaxing Lavender, 2.19 Oz ;
023400067251;;Renuzit Snuggle Gel Air Freshener, Comfy Flannel, 7.0 Oz ;
023400067282;;Renuzit Snuggle Gel Air Freshener, Cozy Evergreen, 7.0 Oz ;
023400061976;;Renuzit Snuggle Gel Air Freshener, Hello Pumpkin, 7.0 Oz ;
023400067220;;Renuzit Snuggle Gel Air Freshener, Homemade Apple Pie, 7.0 Oz ;
023400069514;;Renuzit Snuggle Gel Air Freshener, Jolly Sugar Cookies, 7.0 Oz ;
023400058907;;Renuzit Snuggle Gel Air Freshener, Linen Escape, 3 Pack, 21.0 Oz (7.0 Oz Each) ;
023400057269;;Renuzit Snuggle Gel Air Freshener, Linen Escape, 7.0 Oz ;
023400068357;;Renuzit Snuggle Gel Air Freshener, Relaxing Beach Day, 7.0 Oz ;
023400057573;;Renuzit Snuggle Gel Air Freshener, Ripe Berries, 7.0 Oz ;
023400354306;;Renuzit Snuggle Gel Air Freshener, SuperFresh Original, 3 Pack, 21.0 Oz (7.0 Oz Each) ;
019800036591;;Renuzit Snuggle Gel Air Freshener, SuperFresh Original, 7.0 Oz ;
023400069408;;Renuzit Snuggle Gel Air Freshener, SuperFresh SpringBurst, 3 Pack, 21.0 Oz (7.0 Oz Each) ;
023400068654;;Renuzit Snuggle Gel Air Freshener, SuperFresh SpringBurst, 7.0 Oz ;
023400064922;;Renuzit Snuggle Oil Refill, Linen Escape, 2 Pack, 1.34 Fl Oz (0.67 Fl Oz) ;
023400064984;;Renuzit Snuggle Oil Refill, Linen Escape, 3 Pack, 2.02 Fl Oz (0.67 Fl Oz) ;
023400065011;;Renuzit Snuggle Oil Refill, Linen Escape, 5 Pack, 3.38 Fl Oz (0.67 Fl Oz) ;
023400064830;;Renuzit Snuggle Oil Starter Kit, Linen Escape, 0.67 Fl Oz ;
023400064861;;Renuzit Snuggle Oil Starter Kit, Relaxing Lavender, 0.67 Fl Oz ;
023400064892;;Snuggle® Enchanting Tropical Oil 2ct ;
023400064953;;Snuggle® Relaxing Lavender Oil 2ct ;
023400065042;;Snuggle® SuperFresh Original Oil 2ct ;
023400011285;;Soft Scrub 4-in-1 Toilet Care - Alpine Fresh Mint 1ct ;
023400011841;;Soft Scrub 4-in-1 Toilet Care - Alpine Fresh Mint 2ct ;
023400060146;;Soft Scrub 4-in-1 Toilet Care - Lavender 2ct ;
023400019472;;Soft Scrub 4-in-1 Toilet Care - Lemon Scent 1ct ;
023400019502;;Soft Scrub 4-in-1 Toilet Care - Lemon Scent 2ct ;
023400011162;;Soft Scrub 4-in-1 Toilet Care - Sapphire Waters 1ct ;
023400011810;;Soft Scrub 4-in-1 Toilet Care - Sapphire Waters MAX 2ct ;
023400008650;;Soft Scrub All Purpose Cleanser with Lemon 24oz ;
023400067664;;Soft Scrub All Purpose Cleanser with Lemon 24oz with Scrub Daddy Sponge ;
023400067725;;Soft Scrub All Purpose Cleanser with Lemon 24oz with Scrub Daddy/Mommy Sponge ;
023400150205;;Soft Scrub All Purpose Cleanser with Lemon 36oz Commercial ;
023400014873;;Soft Scrub All Purpose Cleanser with Lemon 36oz Commercial ;
023400067534;;Soft Scrub All Purpose Cleanser with Lemon 36oz Commercial with Scrub Daddy Sponge ;
023400067442;;Soft Scrub All Purpose Cleanser with Lemon 36oz with Scrub Daddy Sponge ;
023400067695;;Soft Scrub All Purpose Cleanser with Lemon 36oz with Scrub Daddy/Mommy Sponge ;
023400016136;;Soft Scrub Cleanser with Bleach 36oz ;
023400155194;;Soft Scrub Cleanser with Bleach 36oz Commercial ;
023400021956;;Soft Scrub Cleanser with Oxi 24oz ;
023400021925;;Soft Scrub Cleanser with Oxi 36oz ;
023400062881;;Soft Scrub Duo-Cubes In-Tank Automatic Toilet Cleaner - Alpine Fresh 2ct ;
023400065325;;Soft Scrub Duo-Cubes In-Tank Automatic Toilet Cleaner - Alpine Fresh 4ct ;
023400062850;;Soft Scrub Duo-Cubes In-Tank Automatic Toilet Cleaner - Sapphire Waters 2ct ;
023400062942;;Soft Scrub Duo-Cubes In-Tank Automatic Toilet Cleaner - Sapphire Waters 4ct ;
023400065646;;Soft Scrub Multi-Surface Gel 18.3oz ;
023400150212;;Soft Scrub with Bleach Cleanser Gel 28.6oz ;
023400016020;;Soft Scrub® Cleanser with Bleach 24oz ;
024200040963;;1-2-3 Max Effect/Maxi Effecto Fresh White 160oz ;
024200040994;;1-2-3 Max Effect/Maxi Effecto Fresh White 63.4oz ;
023400002016;;20 Mule Team Borax Detergent Booster & Multi-Purpose Household Cleaner, 65 Ounce ;
072613738021;;Cuddle Soft Liquid Fabric Softener Mountain Fresh, 60 Ounce, 60 Loads ;
072613708703;;Cuddle Soft Liquid Fabric Softener, Original Fresh, 60 Ounce, 60 Loads ;
072613710348;;Cuddle Soft Sheets Fabric Softener Fresh Morning Breeze, 100 Count ;
072613730940;;Cuddle Soft Sheets Fabric Softener Mountain Fresh, 100 Count ;
072613731022;;Cuddle Soft Sheets Fabric Softener Original Fresh, 100 Count ;
072613708635;;Cuddle Soft Sheets Fabric Softener Original Fresh, 40 Count ;
024200091798;;Mas Liquid Laundry Detergent fo Colors with Renew Effect, 120 Ounces, 60 Loads ;
024200091767;;Mas Liquid Laundry Detergent for Darks Oscura with Renew Effect, 60 Ounces, 30 Loads ;
072613456796;;SURF Aloha Splash Powder Detergent, 156oz ;
072613456789;;SURF Aloha Splash Powder Detergent, 52oz ;
072613456734;;SURF Sparkling Ocean Powder Detergent, 156oz ;
072613462520;;SURF Sparkling Ocean Powder Detergent, 260oz ;
072613453764;;SURF Sparkling Ocean Powder Detergent, 30oz ;
072613456703;;SURF Sparkling Ocean Powder Detergent, 52oz ;
072613456765;;SURF Spring Burst Powder Detergent, 156oz ;
072613456758;;SURF Spring Burst Powder Detergent, 52oz ;
034969378528;;Zout Laundry Stain Remover, Foam Action, Triple Enzyme, 22 Ounce ;
034969378160;;Zout Triple Enzyme Gel, 12oz ;
034969378139;;Zout Triple Enzyme Spray, 22oz ;
023400001453;;Borateem Color Safe Bleach, 17.5lbs ;
024200038885;;Persil Liquid Detergent Odor Fighter 6/40oz ;
024200038915;;Persil Liquid Detergent Odor Fighter 6/50oz ;
024200038854;;Persil Liquid Detergent Odor Fighting 4/100oz ;
024200040024;;Persil Liquid Detergent Original BJ's 72  2/225oz ;
024200049133;;Persil ProClean Discs Laundry Detergent, Active Scent Boost, 38 Count ;
024200041755;;Persil ProClean Discs Laundry Detergent, Original, 16 Count ;
024200041687;;Persil ProClean Discs Laundry Detergent, Original, 40 Count ;
024200041724;;Persil ProClean Discs Laundry Detergent, Original, 62 Count ;
024200044930;;Persil ProClean Discs Laundry Detergent, Oxi, 15 Count ;
024200044961;;Persil ProClean Discs Laundry Detergent, Oxi, 38 Count ;
024200044992;;Persil ProClean Discs Laundry Detergent, Oxi, 59 Count ;
024200049485;;Persil ProClean Discs Laundry Detergent, Oxi, 72 Count ;
024200049515;;Persil ProClean Discs Laundry Detergent, Oxi, 80 Count ;
024200041847;;Persil ProClean Discs Laundry Detergent, Stain Fighter, 15 Count ;
024200041786;;Persil ProClean Discs Laundry Detergent, Stain Fighter, 38 Count ;
024200046651;;Persil ProClean Discs Laundry Detergent, Stain Fighter, 72 Count ;
024200049164;;Persil ProClean Liquid Laundry Detergent, Active Scent Boost, 100 Fluid Ounces, 50 loads ;
024200049072;;Persil ProClean Liquid Laundry Detergent, Active Scent Boost, 40 Fluid Ounces, 20 loads ;
024200049102;;Persil ProClean Liquid Laundry Detergent, Active Scent Boost, 50 Fluid Ounces, 25 loads ;
024200094201;;Persil ProClean Liquid Laundry Detergent, Intense Fresh, 100 Fluid Ounces, 64 loads ;
024200094171;;Persil ProClean Liquid Laundry Detergent, Intense Fresh, 150 Fluid Ounces, 97 loads ;
024200046286;;Persil ProClean Liquid Laundry Detergent, Intense Fresh, 225 Fluid Ounces, 146 loads ;
024200042387;;Persil ProClean Liquid Laundry Detergent, Intense Fresh, 2X Concentrated, 110 Loads ;
024200094232;;Persil ProClean Liquid Laundry Detergent, Intense Fresh, 40 Fluid Ounces, 25 loads ;
024200097271;;Persil ProClean Liquid Laundry Detergent, Intense Fresh, 50 Fluid Ounces, 32 loads ;
024200094355;;Persil ProClean Liquid Laundry Detergent, Intense Fresh, 75 Fluid Ounces, 48 Loads ;
024200044787;;Persil ProClean Liquid Laundry Detergent, Odor Fighter, 82.5 Ounces, 110 Loads ;
024200094560;;Persil ProClean Liquid Laundry Detergent, Original, 100 Fluid Ounces, 64 loads ;
024200094539;;Persil ProClean Liquid Laundry Detergent, Original, 150 Fluid Ounces, 96 Loads ;
024200042356;;Persil ProClean Liquid Laundry Detergent, Original, 2X Concentrated, 110 Loads ;
024200094140;;Persil ProClean Liquid Laundry Detergent, Original, 40 Fluid Ounces, 25 loads ;
024200097240;;Persil ProClean Liquid Laundry Detergent, Original, 50 Fluid Ounces, 32 loads ;
024200094591;;Persil ProClean Liquid Laundry Detergent, Original, 75 Fluid Ounces, 48 Loads ;
024200044909;;Persil ProClean Liquid Laundry Detergent, Oxi, 100 Fluid Ounces, 50 loads ;
024200044879;;Persil ProClean Liquid Laundry Detergent, Oxi, 40 Fluid Ounces, 20 loads ;
024200044848;;Persil ProClean Liquid Laundry Detergent, Oxi, 50 Fluid Ounces, 25 loads ;
024200094508;;Persil ProClean Liquid Laundry Detergent, Sensitive Skin, 100 Fluid Ounces, 64 loads ;
024200045111;;Persil ProClean Liquid Laundry Detergent, Sensitive Skin, 82.5oz, 110 Loads ;
024200094324;;Persil ProClean Liquid Laundry Detergent, Stain Fighter, 100 Fluid Ounces, 50 loads ;
024200094263;;Persil ProClean Liquid Laundry Detergent, Stain Fighter, 40 Fluid Ounces, 20 loads ;
024200097332;;Persil ProClean Liquid Laundry Detergent, Stain Fighter, 50 Fluid Ounces, 25 loads ;
024200094294;;Persil ProClean Stain Fighter Liquid Laundry Detergent, 150 Fluid Ounces, 75 Loads ;
024200046149;;Purex® Natural Elements® Linen & Lilies® Laundry Detergent, 312 FL. OZ ;
024200063542;;Purex® Ultra Liquid Multipurpose Detergent (5 Gallons) ;
072613463909;;Snuggle Exhilarations Blue Iris Bliss Scent Boosters, Scent Pacs, 115ct, 115 Loads ;
072613459964;;Snuggle Exhilarations Blue Iris Bliss Scent Boosters, Scent Pacs, 20ct, 20 Loads ;
072613460236;;Snuggle Exhilarations Blue Iris Bliss Scent Boosters, Scent Pacs, 26ct, 26 Loads ;
072613459940;;Snuggle Exhilarations Blue Iris Bliss Scent Boosters, Scent Pacs, 30ct, 30 Loads ;
072613460830;;Snuggle Exhilarations Blue Iris Bliss Scent Boosters, Scent Pacs, 56ct, 56 Loads ;
023400065721;;Snuggle Blue Sparkle 2x Concentrate Fabric Softener, 80oz, 200 Loads ;
072613459797;;Snuggle Blue Sparkle Concentrate Fabric Conditioner, 120 oz, 150 loads ;
072613460038;;Snuggle Blue Sparkle Concentrate Fabric Conditioner, 150oz, 92 loads ;
072613457298;;Snuggle Blue Sparkle Concentrate Fabric Conditioner, 168oz, 210 loads ;
072613455140;;Snuggle Blue Sparkle Concentrate Fabric Conditioner, 32oz, 40 loads ;
072613451852;;Snuggle Blue Sparkle Concentrate Fabric Conditioner, 50 oz, 60 loads ;
072613451890;;Snuggle Blue Sparkle Concentrate Fabric Conditioner, 75oz, 90 loads ;
072613457199;;Snuggle Blue Sparkle Concentrate Fabric Conditioner, 96oz, 120 loads ;
072613451159;;Snuggle Blue Sparkle Dryer Sheets, 120ct, 120 loads ;
072613160617;;Snuggle Blue Sparkle Dryer Sheets, 160ct, 160 loads ;
072613465736;;Snuggle Blue Sparkle Dryer Sheets, 160ct, 160 loads ;
072613451180;;Snuggle Blue Sparkle Dryer Sheets, 200ct, 200 loads ;
072613451197;;Snuggle Blue Sparkle Dryer Sheets, 230ct, 230 loads ;
072613459285;;Snuggle Blue Sparkle Dryer Sheets, 250ct, 250 loads ;
072613466061;;Snuggle Blue Sparkle Dryer Sheets, 275ct, 275 loads ;
072613451081;;Snuggle Blue Sparkle Dryer Sheets, 40ct, 40 loads ;
072613451111;;Snuggle Blue Sparkle Dryer Sheets, 80ct, 80 loads ;
072613451784;;Snuggle Blue Sparkle Non-Concentrate Fabric Softener, 100oz ;
072613451685;;Snuggle Blue Sparkle Non-Concentrate Fabric Softener, 60 oz, 36 loads ;
072613451715;;Snuggle Blue Sparkle Non-Concentrate Fabric Softener, 64 oz, 39 loads ;
072613738786;;Snuggle Blue Sparkle Scent Shakes, 13.7oz ;
072613738793;;Snuggle Blue Sparkle Scent Shakes, 37.6oz ;
072613738779;;Snuggle Blue Sparkle Scent Shakes, 9oz ;
072613464494;;Snuggle Cuddle Up Fresh Concentrated Fabric Softener, 48oz ;
072613170388;;Snuggle Cuddle Up Fresh Concentrated Fabric Softener, 48oz ;
072613170043;;Snuggle Cuddle Up Fresh Concentrated Fabric Softener, 48oz ;
072613170036;;Snuggle Cuddle Up Fresh Concentrated Fabric Softener, 48oz ;
072613464883;;Snuggle Exhilarations Amberwoods & Honeysuckle Concentrated Fabric Conditioner, 32oz, 37 loads ;
072613464890;;Snuggle Exhilarations Amberwoods & Honeysuckle Concentrated Fabric Conditioner, 50oz, 58 loads ;
072613451975;;Snuggle Exhilarations Blue Iris & Ocean Breeze Concentrated Fabric Conditioner, 32oz, 37 loads ;
072613452019;;Snuggle Exhilarations Blue Iris & Ocean Breeze Concentrated Fabric Conditioner, 50oz, 58 loads ;
072613455225;;Snuggle Exhilarations Blue Iris & Ocean Breeze Concentrated Fabric Conditioner, 96oz, 112 loads ;
072613455027;;Snuggle Exhilarations Blue Iris & Ocean Breeze Dryer Sheets, 70ct, 70 loads ;
072613471317;;Snuggle Exhilarations Blue Iris & Ocean Breeze Scent Boosters, 19oz ;
072613471294;;Snuggle Exhilarations Blue Iris & Ocean Breeze Scent Boosters, 9oz ;
072613462681;;Snuggle Exhilarations Cherry Blossom & Rosewood Concentrated Fabric Conditioner, 180oz, 211 loads ;
072613462650;;Snuggle Exhilarations Cherry Blossom & Rosewood Concentrated Fabric Conditioner, 32oz, 37 loads ;
072613462636;;Snuggle Exhilarations Cherry Blossom & Rosewood Concentrated Fabric Conditioner, 50oz, 58 loads ;
072613462643;;Snuggle Exhilarations Cherry Blossom & Rosewood Concentrated Fabric Conditioner, 96oz, 112 loads ;
072613462582;;Snuggle Exhilarations Cherry Blossom & Rosewood Dryer Sheets, 70ct, 70 loads ;
072613462599;;Snuggle Exhilarations Cherry Blossom Charm Scent Boosters, Scent Pacs, 20ct, 20 loads ;
072613460885;;Snuggle Exhilarations Island Dreams Scent Boosters, Scent Pacs, 20ct, 20 loads ;
072613161010;;Snuggle Exhilarations Island Hibiscus & Rainflower 56ct, 39.6oz ;
072613464203;;Snuggle Exhilarations Island Hibiscus & Rainflower Concentrated Fabric Conditioner, 180oz, 211 loads ;
072613460946;;Snuggle Exhilarations Island Hibiscus & Rainflower Concentrated Fabric Conditioner, 50oz, 58 loads ;
072613460953;;Snuggle Exhilarations Island Hibiscus & Rainflower Concentrated Fabric Conditioner, 96oz, 112 loads ;
072613460939;;Snuggle Exhilarations Island Hibiscus & Rainflower Concentrated Fabric Conditionerr, 32oz, 37 loads ;
072613460977;;Snuggle Exhilarations Island Hibiscus & Rainflower Dryer Sheets, 70ct, 70 loads ;
072613471348;;Snuggle Exhilarations Island Hibiscus & Rainflower Scent Boosters, 19oz ;
072613471355;;Snuggle Exhilarations Island Hibiscus & Rainflower Scent Boosters, 37.6oz ;
072613471324;;Snuggle Exhilarations Island Hibiscus & Rainflower Scent Boosters, 9oz ;
072613162048;;Snuggle Exhilarations Lavender & Vanila Orchid, 9oz ;
072613462001;;Snuggle Exhilarations Lavender & Vanilla Orchid Dryer Sheets, 105ct, 105 loads ;
072613453016;;Snuggle Exhilarations Lavender & Vanilla Orchid Dryer Sheets, 105ct, 105 loads ;
072613451203;;Snuggle Exhilarations Lavender & Vanilla Orchid Dryer Sheets, 70ct, 70 loads ;
072613162055;;Snuggle Exhilarations Lavender & Vanilla Orchid, 13.7oz ;
072613161928;;Snuggle Exhilarations Lavender & Vanilla Orchid, 19oz ;
072613457243;;Snuggle Exhilarations Lavender & Wild Orchid Concentrated Fabric Conditioner, 180oz, 211 loads ;
072613451951;;Snuggle Exhilarations Lavender & Wild Orchid Concentrated Fabric Conditioner, 32oz, 37 loads ;
072613451999;;Snuggle Exhilarations Lavender & Wild Orchid Concentrated Fabric Conditioner, 50oz, 58 loads ;
072613454051;;Snuggle Exhilarations Lavender & Wild Orchid Concentrated Fabric Conditioner, 96oz, 112 loads ;
072613460243;;Snuggle Exhilarations Lavender and Vanilla Scent Booster Pacs, 26ct, 26 Loads ;
072613459896;;Snuggle Exhilarations Lavender Joy Scent Booster, Scent Pacs, 30ct, 30 Loads ;
072613460847;;Snuggle Exhilarations Lavender Joy Scent Booster, Scent Pacs, 56ct, 56 Loads ;
072613738922;;Snuggle Exhilarations Pink Peony & Rosewood Concentrated Fabric Conditioner, 180oz, 211 loads ;
072613162123;;Snuggle Exhilarations Spa Series, Nourishing Coconut Milk and Honey, Concentrated Fabric Conditioner 180oz ;
072613451968;;Snuggle Exhilarations Wild Orchid & Vanilla Concentrated Fabric Conditioner, 32oz, 37 loads ;
072613172559;;Snuggle Exhilarations Wild Orchid & Vanilla Dryer Sheet, 105ct, 105 loads ;
072613451210;;Snuggle Exhilarations Wild Orchid & Vanilla Dryer Sheet, 70ct, 70 loads ;
072613461042;;Snuggle Fresh Spring Flowers Concentrated Fabric Softener, 32oz, 40 loads ;
072613461059;;Snuggle Fresh Spring Flowers Concentrated Fabric Softener, 48oz, 60 loads ;
072613461066;;Snuggle Fresh Spring Flowers Concentrated Fabric Softener, 75oz, 90 loads ;
072613463718;;Snuggle Fresh Spring Flowers Concentrated Fabric Softener, 75oz, 90 loads ;
072613461073;;Snuggle Fresh Spring Flowers Concentrated Fabric Softener, 96oz, 120 loads ;
072613461110;;Snuggle Fresh Spring Flowers Dryer Sheets, 120ct, 120 loads ;
072613465743;;Snuggle Fresh Spring Flowers Dryer Sheets, 160ct, 160 loads ;
072613461097;;Snuggle Fresh Spring Flowers Dryer Sheets, 40ct, 40 loads ;
072613461103;;Snuggle Fresh Spring Flowers Dryer Sheets, 80ct, 80 loads ;
072613451692;;Snuggle Green Burst Non-Concentrate Fabric Softener, 60oz, 36 loads ;
072613451722;;Snuggle Green Burst Non-Concentrate Fabric Softener, 64oz, 39 loads ;
072613451739;;Snuggle Orange Rush Non-Concentrate Fabric Softener, 64oz, 39 loads ;
072613466771;;Snuggle Plus SuperFresh Original Freshness Booster, 14oz ;
072613466795;;Snuggle Plus SuperFresh Original Freshness Booster, 22oz ;
072613470952;;Snuggle Plus SuperFresh Original Freshness Booster, 42oz ;
072613466788;;Snuggle Plus SuperFresh Spring Burst Freshness Booster, 14oz ;
072613466801;;Snuggle Plus SuperFresh Spring Burst Freshness Booster, 22.5oz ;
072613466559;;Snuggle Plus SuperFresh Spring Burst Freshness Booster, 22oz ;
072613460083;;Snuggle Purple Fusion Non-Concentrate Fabric Softener, 150oz, 92 loads ;
072613451746;;Snuggle Purple Fusion Non-Concentrate Fabric Softener, 64oz, 39 loads ;
072613460892;;Snuggle Scent Booster Pacs Island Dreams 4/26ct ;
072613161454;;Snuggle Sensitive 2x Concentrated Fabric Conditioner, 80oz, 200 loads ;
072613738687;;Snuggle Sensitive Concentrated Fabric Conditioner, 32oz, 40 loads ;
072613738694;;Snuggle Sensitive Concentrated Fabric Conditioner, 48oz, 60 loads ;
072613738717;;Snuggle Sensitive Concentrated Fabric Conditioner, 96oz, 120 loads ;
072613464807;;Snuggle Summer Showers Concentrated Fabric Conditioner, 32oz, 40 loads ;
072613465750;;Snuggle Summer Showers Dryer Sheets, 160ct, 160 loads ;
072613464852;;Snuggle Summer Showers Dryer Sheets, 80ct, 80 loads ;
072613161577;;Snuggle SuperCare Lilies and Linen, 13.7oz ;
072613161959;;Snuggle SuperCare Lilies and Linen, 19oz ;
072613161584;;Snuggle SuperCare Lilies and Linen, 37.6oz ;
072613161560;;Snuggle SuperCare Lilies and Linen, 9oz ;
072613161546;;Snuggle SuperCare Lillies & Linen Dryer Sheets, 105ct, 105 loads ;
072613161553;;Snuggle SuperCare Lillies & Linen Dryer Sheets, 200ct, 200 loads ;
072613161539;;Snuggle SuperCare Lillies & Linen Dryer Sheets, 70ct, 70 loads ;
072613161522;;Snuggle SuperCare Lillies and Linen Concentrated Fabric Conditioner, 164oz, 155 loads ;
072613161485;;Snuggle SuperCare Lillies and Linen Concentrated Fabric Conditioner, 31.7oz, 30 loads ;
072613161515;;Snuggle SuperCare Lillies and Linen Concentrated Fabric Conditioner, 95oz, 90 loads ;
072613161492;;Snuggle SuperCare Lillies and Linen Fabric Conditioner, 48.6oz, 46 loads ;
072613161638;;Snuggle SuperCare Sea Breeze Concentrated Fabric Conditioner, 164oz, 155 loads ;
072613161591;;Snuggle SuperCare Sea Breeze Concentrated Fabric Conditioner, 31.7oz, 30 loads ;
072613161607;;Snuggle SuperCare Sea Breeze Concentrated Fabric Conditioner, 48.6oz, 46 loads ;
072613161621;;Snuggle SuperCare Sea Breeze Concentrated Fabric Conditioner, 95oz, 90 loads ;
072613161652;;Snuggle SuperCare Sea Breeze Dryer Sheets, 105ct, 105 loads ;
072613161669;;Snuggle SuperCare Sea Breeze Dryer Sheets, 200ct, 200 loads ;
072613161645;;Snuggle SuperCare Sea Breeze Dryer Sheets, 70ct, 70 loads ;
072613161683;;Snuggle SuperCare Sea Breeze, 13.7oz ;
072613161973;;Snuggle SuperCare Sea Breeze, 19oz ;
072613161690;;Snuggle SuperCare Sea Breeze, 37.6oz ;
072613161676;;Snuggle SuperCare Sea Breeze, 9oz ;
072613161430;;Snuggle SuperFresh Original 2x Concentrated Fabric Conditioner, 75oz, 150 loads ;
072613463039;;Snuggle SuperFresh Original Concentrated Fabric Conditioner, 31.7oz, 30 loads ;
072613463046;;Snuggle SuperFresh Original Concentrated Fabric Conditioner, 48.6oz, 46 loads ;
072613465958;;Snuggle SuperFresh Original Concentrated Fabric Conditioner, 78.3oz, 74 loads ;
072613464067;;Snuggle SuperFresh Original Concentrated Fabric Conditioner, 95oz, 90 loads ;
072613463107;;Snuggle SuperFresh Original Dryer Sheets, 105ct, 105 Loads ;
072613468973;;Snuggle SuperFresh Original Dryer Sheets, 200ct, 200 Loads ;
072613468522;;Snuggle SuperFresh Original Dryer Sheets, 200ct, 200 Loads ;
072613463091;;Snuggle SuperFresh Original Dryer Sheets, 70ct, 70 Loads ;
072613738731;;Snuggle SuperFresh Original In-Wash Scent Boosters, 13.7oz ;
072613161911;;Snuggle SuperFresh Original In-Wash Scent Boosters, 19.oz ;
072613738724;;Snuggle SuperFresh Original In-wash Scent Boosters, 9oz ;
072613161447;;Snuggle SuperFresh Spring Burst 2x Concentrated Fabric Conditioner, 75oz, 150 loads ;
072613466566;;Snuggle SuperFresh Spring Burst Concentrated Fabric Conditioner, 48.6oz, 46 loads ;
072613738830;;Snuggle SuperFresh Spring Burst Dryer Sheets, 105ct, 105 Loads ;
072613738847;;Snuggle SuperFresh Spring Burst Dryer Sheets, 200ct, 200 Loads ;
072613738823;;Snuggle SuperFresh Spring Burst Dryer Sheets, 70ct, 70 Loads ;
072613466580;;Snuggle SuperFresh Spring Burst Fabric Conditioner 4/95oz ;
072613738755;;Snuggle SuperFresh Spring Burst In-Wash Scent Booster, 9oz ;
072613738762;;Snuggle SuperFresh Spring Burst In-Wash Scent Boosters, 13.7oz ;
072613466573;;Snuggle SuperFresh Spring Burst Liquid Fabric Conditioner 78.3oz ;
072613738670;;Snuggle SuperFresh Violet Breeze Concentrated Fabric Conditioner, 164oz, 155 loads ;
072613738632;;Snuggle SuperFresh Violet Breeze Concentrated Fabric Conditioner, 31.7oz, 30 loads ;
072613738649;;Snuggle SuperFresh Violet Breeze Concentrated Fabric Conditioner, 48.6oz, 46 loads ;
072613738663;;Snuggle SuperFresh Violet Breeze Concentrated Fabric Conditioner, 95oz, 90 loads ;
072613739721;;all 4-in-1 Odor Lifter mighty pacs Duo 19ct Laundry Detergent ;
072613739745;;all 4-in-1 Odor Lifter mighty pacs Duo 39ct Laundry Detergent ;
072613739752;;all 4-in-1 Odor Lifter mighty pacs Duo 60ct Laundry Detergent ;
072613739646;;all 4-in-1 Original mighty pacs Duo 19ct Laundry Detergent ;
072613739653;;all 4-in-1 Original mighty pacs Duo 25ct Laundry Detergent ;
072613739660;;all 4-in-1 Original mighty pacs Duo 39ct Laundry Detergent ;
072613739677;;all 4-in-1 Original mighty pacs Duo 60ct Laundry Detergent ;
072613739684;;all 4-in-1 Oxi mighty pacs Duo 19ct Laundry Detergent ;
072613739691;;all 4-in-1 Oxi mighty pacs Duo 25ct Laundry Detergent ;
072613739707;;all 4-in-1 Oxi mighty pacs Duo 39ct Laundry Detergent ;
072613739714;;all 4-in-1 Oxi mighty pacs Duo 60ct Laundry Detergent ;
072613466917;;all Advanced 4-in-1 255oz Liquid Laundry Detergent ;
072613461547;;all baby 141oz Liquid Laundry Detergent ;
072613739196;;all baby 36oz Liquid Laundry Detergent ;
072613161386;;all baby 75oz 2x Concentrated Liquid Laundry Detergent ;
072613739202;;all baby 88oz Liquid Laundry Detergent ;
072613739400;;all exhilarating lavender 100oz Liquid Laundry Detergent ;
072613465323;;all exhilarating lavender 150oz Liquid Laundry Detergent ;
072613739639;;all exhilarating lavender 225oz Liquid Laundry Detergent ;
072613739394;;all exhilarating lavender 40oz Liquid Laundry Detergent ;
072613465293;;all exhilarating lavender 50oz Liquid Laundry Detergent ;
072613465866;;all exhilarating lavender 58oz Liquid Laundry Detergent ;
072613460229;;all Fabric Softener Dryer Sheets for Sensitive Skin, Free Clear, 80 Count ;
072613460366;;all Fabric Softener Dryer Sheets Free Clear for Sensitive Skin, 120 Count ;
072613461592;;all free clear 141oz Liquid Laundry Detergent ;
072613461394;;all free clear 162oz Liquid Laundry Detergent ;
072613464241;;all free clear 176.5oz Liquid Laundry Detergent ;
072613464005;;all free clear 184.5oz Liquid Laundry Detergent ;
072613458394;;all free clear 225oz Liquid Laundry Detergent ;
072613465019;;all free clear 250oz Liquid Laundry Detergent ;
072613739431;;all free clear 36oz Liquid Laundry Detergent ;
072613461554;;all free clear 46.5oz Liquid Laundry Detergent ;
072613461325;;all free clear 52oz Laundry Booster ;
072613456819;;all free clear 52oz Powder Laundry Detergent ;
072613464265;;all free clear 54oz Liquid Laundry Detergent ;
072613461561;;all free clear 59oz Liquid Laundry Detergent ;
072613470945;;all free clear 82.5oz 2x Concentrated Liquid Laundry Detergent ;
072613739455;;all free clear 88oz Liquid Laundry Detergent ;
072613461578;;all free clear 94.5oz Liquid Laundry Detergent ;
072613160464;;all free clear bio 141oz Liquid Laundry Detergent ;
072613160471;;all free clear bio 250oz Liquid Laundry Detergent ;
072613160440;;all free clear bio 36oz Liquid Laundry Detergent ;
072613160457;;all free clear bio 88oz Liquid Laundry Detergent ;
072613161720;;all free clear clean & care with vitamin E 141oz Liquid Laundry Detergent ;
072613161706;;all free clear clean & care with vitamin E 36oz Liquid Laundry Detergent ;
072613161713;;all free clear clean & care with vitamin E 88oz Liquid Laundry Detergent ;
072613739844;;all free clear mighty pacs 108ct Laundry Detergent ;
072613463978;;all free clear mighty pacs 120ct Laundry Detergent ;
072613739776;;all free clear mighty pacs 19ct Laundry Detergent ;
072613462797;;all free clear mighty pacs 22ct Laundry Detergent ;
072613739837;;all free clear mighty pacs 25ct Laundry Detergent ;
072613462803;;all free clear mighty pacs 28ct Laundry Detergent ;
072613739783;;all free clear mighty pacs 39ct Laundry Detergent ;
072613462810;;all free clear mighty pacs 45ct Laundry Detergent ;
072613468805;;all free clear mighty pacs 60ct Laundry Detergent ;
072613739806;;all free clear mighty pacs 66ct Laundry Detergent ;
072613161300;;all free clear mighty pacs 67ct Laundry Detergent ;
072613461165;;all free clear mighty pacs 76ct laundry detergent ;
072613465873;;all free clear mighty pacs 88ct Laundry Detergent ;
072613468249;;all free clear Odor Relief 141oz Liquid Laundry Detergent ;
072613739462;;all free clear Odor Relief 36oz Liquid Laundry Detergent ;
072613466924;;all free clear Odor Relief 46.5oz Liquid Laundry Detergent ;
072613739479;;all free clear Odor Relief 88oz Liquid Laundry Detergent ;
072613466931;;all free clear Odor Relief 94.5oz Liquid Laudry Detergent ;
072613739219;;all free clear Odor Relief mighty pacs 16ct Laundry Detergent ;
072613739226;;all free clear Odor Relief mighty pacs 21ct Laundry Detergent ;
072613739899;;all free clear Odor Relief mighty pacs 32ct Laundry Detergent ;
072613739233;;all free clear Odor Relief mighty pacs 56ct Laundry Detergent ;
072613461448;;all free clear Oxi 141oz Liquid Laundry Detergent ;
072613461455;;all free clear Oxi 162oz Liquid Laundry Detergent ;
072613464012;;all free clear Oxi 184.5oz Liquid Laundry Detergent ;
072613739158;;all free clear Oxi 36oz Liquid Laundry Detergent ;
072613461424;;all free clear Oxi 46.5oz Liquid Laundry Detergent ;
072613161393;;all free clear Oxi 80.1oz 2x Concentrated Liquid Laundry Detergent ;
072613739165;;all free clear Oxi 88oz Liquid Laundry Detergent ;
072613461431;;all free clear Oxi 94.5oz Liquid Laundry Detergent ;
072613739820;;all free clear Oxi mighty pacs 16ct Laundry Detergent ;
072613462827;;all free clear Oxi mighty pacs 18ct Laundry Detergent ;
072613739813;;all free clear Oxi mighty pacs 32ct Laundry Detergent ;
072613462834;;all free clear oxi mighty pacs 38ct Laundry Detergent ;
072613739790;;all free clear Oxi mighty pacs 56ct Laundry Detergent ;
072613461035;;all free clear PLUS 237oz Liquid Laundry Detergent ;
072613466528;;all free clear powercore 18ct Laundry Detergent ;
072613466535;;all free clear powercore 50ct Laundry Detergent ;
072613160969;;all free clear pure 2x Concentrated Liquid Laundry Detergent ;
072613450756;;all free clear small & mighty 32oz Concentrated Liquid Laundry Detergent ;
072613454150;;all free clear small & mighty 40oz Concentrated Liquid Laundry Detergent ;
072613450954;;all free clear small & mighty 96oz Concentrated Liquid Laundry Detergent ;
072613450794;;all free clear small & mighty Non-Optical Brightener 32oz Concentrated Liquid Laundry Detergent ;
